author,article,date,word,view,comment,like,gain
小丁老师,工作不赚钱？不如学一门小语种来钱快,2017.02.12 13:30,字数 1653,9167,"234,""author"":{""total_wordage"":6111,""followers_count"":507,""total_likes_count"":479}",394,1
韩大爷的杂货铺,写给所有自卑的人,2017.02.13 18:04,字数 2682,12423,"104,""author"":{""total_wordage"":398827,""followers_count"":26927,""total_likes_count"":65481}",485,2
沐沐周,10首古诗，教你优雅地说：我爱你,2017.02.12 19:49,字数 2397,7600,"225,""author"":{""total_wordage"":131653,""followers_count"":409,""total_likes_count"":1589}",463,1
无戒,你是否写了很久，没有阅读量准备放弃了？,2017.02.16 10:15,字数 1404,8472,"295,""author"":{""total_wordage"":515143,""followers_count"":11552,""total_likes_count"":13475}",326,9
晓多,2017年做到这6件事，遇见更好的自己,2017.02.12 20:46,字数 3239,8807,"214,""author"":{""total_wordage"":115104,""followers_count"":913,""total_likes_count"":2371}",614,9
JOINFIT,坚持做1个月平板支撑会发生什么,2017.02.15 09:52,字数 978,14635,"78,""author"":{""total_wordage"":12008,""followers_count"":237,""total_likes_count"":937}",721,0
自在独行and旅煮天下,花六年时间阅胸无数（男士止步）——胸部保养之一﻿﻿﻿（把握正确的内衣穿着方法，可以把她一手带大）,2017.02.11 16:29,字数 2763,10059,"191,""author"":{""total_wordage"":27280,""followers_count"":622,""total_likes_count"":1294}",692,4
茶扉茉莉,先写简历，再读大学，赢在起点！,2017.02.12 14:36,字数 1913,1979,"31,""author"":{""total_wordage"":68206,""followers_count"":463,""total_likes_count"":1016}",165,0
2020号,你的名字，一叶一花的姓氏（2）,2017.02.16 21:40,字数 1132,940,"144,""author"":{""total_wordage"":105184,""followers_count"":862,""total_likes_count"":3587}",66,4
弘丹,如果你想提高写作能力，我推荐这6本书,2016.04.18 11:50,字数 3809,121072,"929,""author"":{""total_wordage"":712316,""followers_count"":17893,""total_likes_count"":40414}",8273,37
冰心小记,老司机程序员用到的各种优秀资料、神器及框架整理,2017.02.07 17:42,字数 2519,13500,"87,""author"":{""total_wordage"":53498,""followers_count"":642,""total_likes_count"":1884}",1200,5
下位子,快毕业了，撸一个小项目(新闻段子客户端),2017.02.17 00:23,字数 780,3041,"190,""author"":{""total_wordage"":11832,""followers_count"":87,""total_likes_count"":377}",109,1
专三千,情人节最适合分手,2017.02.14 11:35,字数 1906,3131,"197,""author"":{""total_wordage"":129349,""followers_count"":1026,""total_likes_count"":3750}",117,0
瓯南,大学两年读了200多本书，向你推荐这7本,2016.05.19 23:03,字数 2206,161506,"1333,""author"":{""total_wordage"":224388,""followers_count"":3260,""total_likes_count"":19204}",13268,43
微光隐隐,历时四年，我终于走出了抑郁症,2017.02.06 14:12,字数 3002,3341,"246,""author"":{""total_wordage"":26681,""followers_count"":298,""total_likes_count"":1269}",187,13
邓哲,为什么我看武侠小说容易生气,2017.02.11 17:39,字数 2185,3807,"207,""author"":{""total_wordage"":91688,""followers_count"":233,""total_likes_count"":448}",127,6
叫我孙小猴,民谣不好听？这十首让你耳朵怀孕信不信？【一】,2017.02.11 22:39,字数 2781,4726,"83,""author"":{""total_wordage"":33239,""followers_count"":210,""total_likes_count"":1221}",299,3
与君成悦,因为爱情嫁给穷人的她，如今更穷了,2017.02.13 17:53,字数 5399,5594,"198,""author"":{""total_wordage"":132998,""followers_count"":174,""total_likes_count"":746}",206,2
晨韵风,苏东坡究竟有多浪？,2017.02.15 11:15,字数 6156,5716,"87,""author"":{""total_wordage"":25596,""followers_count"":57,""total_likes_count"":315}",298,4
婉xi,我终于开始买贵的东西,2017.02.13 11:03,字数 2508,7619,"49,""author"":{""total_wordage"":184547,""followers_count"":2091,""total_likes_count"":10582}",333,1
冬五年,如何利用一个寒假健康自然地变美？,2017.01.14 16:23,字数 7499,63987,"761,""author"":{""total_wordage"":106891,""followers_count"":5028,""total_likes_count"":13555}",5944,15
梅珈瑞,2017年短篇小说专题投稿须知,2017.02.15 20:54,字数 1076,3127,"210,""author"":{""total_wordage"":135481,""followers_count"":2014,""total_likes_count"":2895}",178,4
9号大头菜,眼睛怎么画？知道这些就不难,2017.02.14 17:36,字数 1750,2941,"80,""author"":{""total_wordage"":40664,""followers_count"":1709,""total_likes_count"":4378}",314,1
简叔,简友常见问题汇总,2015.08.01 12:17,字数 2255,667312,"5507,""author"":{""total_wordage"":63069,""followers_count"":67896,""total_likes_count"":28879}",13566,35
慕容匪我,年后求职福利：我做了份“简”历,2017.02.14 21:04,字数 1544,5987,"114,""author"":{""total_wordage"":121496,""followers_count"":266,""total_likes_count"":1102}",272,2
贝拉小姐love,如何写得一手漂亮的好字？（内附8年练字心得）,2017.02.03 16:07,字数 3129,16866,"370,""author"":{""total_wordage"":124267,""followers_count"":725,""total_likes_count"":1844}",1271,5
summer豆沙椰蓉包,遇到更好的自己：如何利用小半年时间将颜值提升一个度,2017.01.23 10:11,字数 5356,51513,"515,""author"":{""total_wordage"":85552,""followers_count"":2308,""total_likes_count"":5140}",3923,9
戴松叶,《二胎时代，谨防自己的财产与爱离间了孩子间的亲情》,2017.02.15 01:13,字数 2884,9646,"153,""author"":{""total_wordage"":2884,""followers_count"":73,""total_likes_count"":201}",201,54
浵浵的妈妈,我的2016—自律改变我的人生,2016.12.30 07:26,字数 3561,73379,"1359,""author"":{""total_wordage"":5751,""followers_count"":3949,""total_likes_count"":6582}",6289,91
别山举水,我的世界里不再有你,2017.02.16 06:39,字数 2051,3247,"264,""author"":{""total_wordage"":478394,""followers_count"":5404,""total_likes_count"":13690}",163,6
西风5,如何快速让自己发生巨大改变？——NLP,2017.02.12 22:36,字数 3329,5499,"57,""author"":{""total_wordage"":114769,""followers_count"":279,""total_likes_count"":1125}",378,0
在家ZAIJIA,94年花美男用3000元，就将25㎡的房子装得想住一辈子,2017.02.16 18:11,字数 1715,5443,"73,""author"":{""total_wordage"":19416,""followers_count"":231,""total_likes_count"":518}",415,2
苏荷的笔墨生活,毕业四年，用经历告诉你大学里更重要的10件事,2017.02.07 20:46,字数 5243,5283,"129,""author"":{""total_wordage"":93220,""followers_count"":194,""total_likes_count"":763}",427,3
唯川,月入过万的工作不好好干，我却来简书当一个苦逼的码字员,2017.02.15 13:23,字数 1708,4464,"238,""author"":{""total_wordage"":119698,""followers_count"":326,""total_likes_count"":922}",237,5
韩大爷的杂货铺,你的人生，有多大的延展度？,2017.02.12 15:37,字数 2495,6282,"65,""author"":{""total_wordage"":398827,""followers_count"":26928,""total_likes_count"":65483}",348,4
水清亦有鱼,近年的九点工作总结分享，希望对你有用,2017.02.14 21:35,字数 3380,5183,"144,""author"":{""total_wordage"":76636,""followers_count"":260,""total_likes_count"":1150}",328,6
芊语芊寻,搞定情绪问题，提升情商，看这一篇就够了,2017.02.16 11:48,字数 2894,8522,"122,""author"":{""total_wordage"":179051,""followers_count"":3844,""total_likes_count"":12723}",373,1
戈漠,我想晚点遇见你，然后一辈子,2017.02.13 12:35,字数 2292,5047,"169,""author"":{""total_wordage"":83303,""followers_count"":406,""total_likes_count"":1506}",277,3
王诗文circle,我不想过情人节,2017.02.14 09:59,字数 2279,10354,"170,""author"":{""total_wordage"":166825,""followers_count"":4798,""total_likes_count"":8107}",284,6
晓晗树,努力远离那些格局小的人,2017.02.05 15:32,字数 1850,5935,"133,""author"":{""total_wordage"":32923,""followers_count"":85,""total_likes_count"":504}",359,1
浪子刘,讲真，仅仅喜欢读书学习其实没什么卵用,2017.02.14 07:35,字数 1207,6667,"133,""author"":{""total_wordage"":34086,""followers_count"":304,""total_likes_count"":841}",259,6
简书,这个情人节，写一封信，给简书的TA,2017.02.13 19:30,字数 722,6082,"209,""author"":{""total_wordage"":301932,""followers_count"":30737,""total_likes_count"":25946}",90,0
曌曌Flora,书单丨我读过最棒的理财入门书（适合0基础的朋友）,2017.02.16 17:31,字数 872,5865,"85,""author"":{""total_wordage"":53681,""followers_count"":367,""total_likes_count"":983}",488,2
特立独行的陶婷婷,喂，不好好学习是会早早结婚的！,2017.02.15 21:30,字数 1754,6421,"170,""author"":{""total_wordage"":82434,""followers_count"":1874,""total_likes_count"":6142}",335,4
小灯泡儿,那些恋家的人，到底在“恋”什么？,2017.02.16 08:59,字数 1586,8844,"126,""author"":{""total_wordage"":49616,""followers_count"":815,""total_likes_count"":4223}",364,12
傅踢踢,看完这篇文章，再也不担心情人节不会说情话了,2017.02.13 16:18,字数 1717,9570,"52,""author"":{""total_wordage"":285794,""followers_count"":2570,""total_likes_count"":7991}",422,2
木小溪V,写作给了我自由职业第一桶金,2017.02.14 08:37,字数 2175,5953,"145,""author"":{""total_wordage"":148390,""followers_count"":891,""total_likes_count"":2647}",347,6
吴八一,社交恐惧症，我用这四点改变自己,2017.02.09 16:54,字数 1052,6729,"239,""author"":{""total_wordage"":60823,""followers_count"":92,""total_likes_count"":498}",354,0
牛奶庄庄,我来告诉你，英语好究竟能赚多少,2017.02.11 16:42,字数 2116,9011,"148,""author"":{""total_wordage"":7196,""followers_count"":329,""total_likes_count"":667}",342,8
阿何,这样去搜索想要的资料信息，真的爽爆了！,2017.02.17 12:15,字数 2719,8443,"61,""author"":{""total_wordage"":147675,""followers_count"":8780,""total_likes_count"":23430}",555,2
程云舒,单身时，让你快乐的10件事,2017.02.13 18:15,字数 2876,6987,"156,""author"":{""total_wordage"":79300,""followers_count"":2290,""total_likes_count"":5748}",403,1
柯锦川子,适合一个人看，提升幸福感的8部电影 | 日影篇,2017.02.11 18:01,字数 3280,4659,"88,""author"":{""total_wordage"":299891,""followers_count"":1712,""total_likes_count"":4928}",503,1
阿萝少女,男神速成攻略：你不用很帅，但必须要有型！,2017.02.16 10:33,字数 1987,8563,"107,""author"":{""total_wordage"":88262,""followers_count"":1304,""total_likes_count"":6084}",505,1
无戒,愿得一人心，白首不相离,2017.02.14 10:26,字数 1684,18073,"235,""author"":{""total_wordage"":515143,""followers_count"":11552,""total_likes_count"":13475}",301,5
小棕同学,你敢把你文章分享到朋友圈吗？,2017.02.11 07:10,字数 1126,3816,"322,""author"":{""total_wordage"":161782,""followers_count"":221,""total_likes_count"":1218}",278,4
Hilson晓晨霸霸,从班级倒数到博士在读，我的大学都经历了什么,2017.02.16 11:10,字数 2194,2977,"176,""author"":{""total_wordage"":23733,""followers_count"":97,""total_likes_count"":284}",165,1
文多多,相亲，我捡了个男神,2017.02.12 07:53,字数 4897,5807,"110,""author"":{""total_wordage"":14193,""followers_count"":40,""total_likes_count"":244}",159,2
铃铛子,报名截止 | 零基础入门简笔画之美食篇——21天训练营第二期招募,2017.02.09 09:30,字数 1477,20586,"289,""author"":{""total_wordage"":75815,""followers_count"":8764,""total_likes_count"":10854}",320,358
合法贩独,不要在朋友圈华丽装逼了,2017.02.08 09:46,字数 1440,10778,"76,""author"":{""total_wordage"":29135,""followers_count"":46,""total_likes_count"":284}",231,3
董小柒PPT,一分钟让PPT小白做出高大上的图标！,2017.02.15 16:33,字数 1051,12461,"57,""author"":{""total_wordage"":6600,""followers_count"":178,""total_likes_count"":464}",302,1
简书,【简书招聘】新媒体运营,2017.02.09 13:40,字数 695,16812,"179,""author"":{""total_wordage"":301932,""followers_count"":30737,""total_likes_count"":25946}",201,0
凌晨四点半,人人上网的时代，提高信息检索能力的几点方法,2017.02.10 13:58,字数 2415,2495,"40,""author"":{""total_wordage"":27858,""followers_count"":2452,""total_likes_count"":11543}",329,0
2020号,你的名字，一叶一花的姓氏,2017.02.15 17:08,字数 327,2231,"217,""author"":{""total_wordage"":105184,""followers_count"":862,""total_likes_count"":3588}",93,8
lekli,社交时代，我们该如何告别单身？,2017.02.12 23:42,字数 2071,7039,"86,""author"":{""total_wordage"":344760,""followers_count"":16791,""total_likes_count"":12997}",199,5
一只森女,读研以后，除了赚到了钱，就是变美变好变精致,2017.02.10 22:25,字数 4769,3782,"110,""author"":{""total_wordage"":128648,""followers_count"":824,""total_likes_count"":2635}",263,1
修行的猫,那个不嫌你穷的女同学要嫁人了,2017.02.15 10:15,字数 7119,6881,"91,""author"":{""total_wordage"":255334,""followers_count"":13518,""total_likes_count"":27029}",226,1
枫小梦,666元等你来吐槽（简书谈情说爱专题情人节活动）,2017.02.12 09:31,字数 1075,2074,"166,""author"":{""total_wordage"":287255,""followers_count"":6338,""total_likes_count"":7079}",53,0
洛瑶918,快速提升审美品位的10部电影,2017.02.16 08:09,字数 2124,4032,"17,""author"":{""total_wordage"":46132,""followers_count"":72,""total_likes_count"":431}",407,0
胖子陈越,再谈警察之死，却已无话可说,2017.02.10 22:14,字数 1385,7455,"161,""author"":{""total_wordage"":19214,""followers_count"":83,""total_likes_count"":316}",148,13
一鸣,谈谈对话与副词,2017.02.11 18:06,字数 3461,4346,"86,""author"":{""total_wordage"":1325390,""followers_count"":14764,""total_likes_count"":17993}",234,12
点苍,趁没有恋爱可谈的时候，赶紧修炼成精,2017.02.10 09:41,字数 1869,5781,"116,""author"":{""total_wordage"":67246,""followers_count"":164,""total_likes_count"":722}",251,3
麦蓝M,1.没什么特别的女孩,2017.02.15 09:37,字数 0,4234,"109,""author"":{""total_wordage"":0,""followers_count"":173,""total_likes_count"":260}",236,3
米娅C,胡歌为什么要去美国读书？？,2017.02.15 21:44,字数 1294,6938,"130,""author"":{""total_wordage"":267698,""followers_count"":403,""total_likes_count"":1700}",275,1
无声的和谐,教你玩转手机摄影从小白到大神,2017.02.12 02:06,字数 2869,3089,"67,""author"":{""total_wordage"":48121,""followers_count"":518,""total_likes_count"":1692}",224,2
不二咪妹,不要每天和一个人聊天，久了会依赖成瘾,2017.02.13 10:35,字数 1621,3244,"104,""author"":{""total_wordage"":36075,""followers_count"":69,""total_likes_count"":306}",183,0
干国祥,诗歌里的元宵节（农历的天空下）,2017.02.11 11:27,字数 1522,5964,"37,""author"":{""total_wordage"":79048,""followers_count"":380,""total_likes_count"":588}",226,6
韩大爷的杂货铺,奶奶的诗与远方,2017.02.14 11:11,字数 2629,4245,"53,""author"":{""total_wordage"":398827,""followers_count"":26928,""total_likes_count"":65484}",197,3
沈万九,鉴别真爱的终极标准：时间和上床,2017.02.15 09:31,字数 2053,12691,"50,""author"":{""total_wordage"":253688,""followers_count"":12783,""total_likes_count"":20787}",209,2
文氓大叔,那个发传单的姑娘，我想跟你谈谈,2017.02.08 09:50,字数 2801,3953,"220,""author"":{""total_wordage"":73082,""followers_count"":316,""total_likes_count"":838}",196,1
韩悠悠悠,原著党带你了解《三生三世》里你不知道的几个秘密（有剧透，慎点~）,2017.02.08 23:32,字数 8279,6507,"212,""author"":{""total_wordage"":17354,""followers_count"":79,""total_likes_count"":255}",161,9
简书牧心,搞定日语五十音，就是这么简单！,2017.02.14 09:39,字数 2647,2737,"36,""author"":{""total_wordage"":92647,""followers_count"":2242,""total_likes_count"":6340}",257,3
北极光阅读,“穷人思维”就是把钱看得太重，以致于忽视了其他,2017.02.10 17:29,字数 2123,5169,"56,""author"":{""total_wordage"":30370,""followers_count"":197,""total_likes_count"":363}",240,2
林夏萨摩,别天真了，你要的每一样东西都没有捷径,2017.02.11 21:16,字数 1853,4127,"47,""author"":{""total_wordage"":266615,""followers_count"":16494,""total_likes_count"":28681}",236,3
彭小六,如何设计一个21天课程,2017.02.13 19:06,字数 398,8333,"33,""author"":{""total_wordage"":528857,""followers_count"":90274,""total_likes_count"":171280}",267,4
十颗心,以过来人经验如何看待大学生兼职,2017.02.15 17:42,字数 2418,3215,"109,""author"":{""total_wordage"":54710,""followers_count"":141,""total_likes_count"":636}",198,0
微澜细语,也谈减负,2017.02.15 15:40,字数 4178,7154,"137,""author"":{""total_wordage"":106226,""followers_count"":473,""total_likes_count"":1359}",220,19
刘淼,创业公司要招什么样的人,2017.02.17 09:00,字数 1550,14182,"29,""author"":{""total_wordage"":207176,""followers_count"":24725,""total_likes_count"":11851}",309,3
微笑的秧秧,性价比超高的美妆单品（内有价格及亲身感受）,2017.02.15 15:05,字数 2383,3558,"51,""author"":{""total_wordage"":249489,""followers_count"":1390,""total_likes_count"":3907}",274,3
南久木,优质的爱情从来都是势均力敌,2017.02.12 08:16,字数 1884,4296,"53,""author"":{""total_wordage"":16590,""followers_count"":110,""total_likes_count"":591}",243,5
大侠杨过,董卿的才华，比她的口红美一万倍,2017.02.11 05:29,字数 1699,7774,"49,""author"":{""total_wordage"":14152,""followers_count"":50,""total_likes_count"":307}",244,2
三木仔,我的谷歌插件,2017.02.13 01:02,字数 595,2385,"64,""author"":{""total_wordage"":7775,""followers_count"":135,""total_likes_count"":449}",230,1
一只森女,我会爱着你，然后娶别人,2017.02.15 22:36,字数 2980,4041,"191,""author"":{""total_wordage"":128648,""followers_count"":824,""total_likes_count"":2635}",135,1
采采卷耳萌,30分钟学会手账制作技巧,2017.02.08 15:56,字数 518,2713,"53,""author"":{""total_wordage"":39483,""followers_count"":1044,""total_likes_count"":1799}",325,0
月儿好看0304,韩语入门体验课招募｜学习韩语我们只差一个开始,2017.02.13 22:10,字数 1054,9764,"110,""author"":{""total_wordage"":75547,""followers_count"":8207,""total_likes_count"":9951}",144,84
豆瓣编辑,适合中国人的牛逼记忆法,2017.02.09 09:29,字数 2823,3858,"69,""author"":{""total_wordage"":16241,""followers_count"":84,""total_likes_count"":331}",242,2
雷神的健身秘笈,PPT大师成长之路：看完这本书，不到五个月我就变成了PPT高手,2017.02.14 13:58,字数 2545,2710,"78,""author"":{""total_wordage"":66176,""followers_count"":526,""total_likes_count"":1263}",189,1
简书,【简书招聘】2017，简书期待你的加入！,2017.02.15 18:13,字数 390,17343,"76,""author"":{""total_wordage"":301932,""followers_count"":30737,""total_likes_count"":25946}",150,4
空间收纳大师,用完别扔，动动手这个东西就能帮你省很多钱,2017.02.16 17:05,字数 1133,3752,"28,""author"":{""total_wordage"":133834,""followers_count"":3663,""total_likes_count"":10413}",257,0
公羽依娜,毕业后，为什么你跟同学的差距越来越大？,2017.02.10 16:43,字数 2614,4398,"31,""author"":{""total_wordage"":257915,""followers_count"":1586,""total_likes_count"":6220}",215,0
亭主,她写得了热热闹闹的《欢乐颂》，也写得了纵横捭阖的商战大戏,2017.02.14 23:06,字数 1564,2776,"111,""author"":{""total_wordage"":144836,""followers_count"":956,""total_likes_count"":2423}",86,2
易词斋主人,词牌自创●梅花瘦【湿我青衫袖】,2017.02.12 06:30,字数 197,419,"182,""author"":{""total_wordage"":13904,""followers_count"":636,""total_likes_count"":3656}",85,2
左蓝,我的 Chrome 插件,2017.02.11 22:03,字数 1287,2401,"31,""author"":{""total_wordage"":82048,""followers_count"":637,""total_likes_count"":2935}",226,0
王小麦,那些网红作家的套路，你懂吗？,2017.02.16 07:00,字数 1657,2973,"124,""author"":{""total_wordage"":79901,""followers_count"":839,""total_likes_count"":2495}",146,7
李泊文,杀手的情人节礼物,2017.02.13 23:10,字数 2906,2835,"73,""author"":{""total_wordage"":96481,""followers_count"":186,""total_likes_count"":1947}",189,3
朝歌晚丽,在你面前我是女汉子，他却把我宠成了小孩子,2017.02.11 23:31,字数 4086,3186,"136,""author"":{""total_wordage"":127745,""followers_count"":1151,""total_likes_count"":5086}",140,5
李胜利,坚持阅读写作跑步，遇见更好的自己,2017.02.13 10:20,字数 1842,3621,"83,""author"":{""total_wordage"":14352,""followers_count"":56,""total_likes_count"":182}",180,1
翟桃子,不用潜规则，明着告诉你：作为老板，我会招什么样的人,2017.02.15 22:31,字数 2598,3073,"89,""author"":{""total_wordage"":42401,""followers_count"":155,""total_likes_count"":726}",175,3
亮儿,过上自己想要的生活，哪有那么容易啊,2017.02.12 12:11,字数 2305,4558,"70,""author"":{""total_wordage"":218113,""followers_count"":1042,""total_likes_count"":4232}",203,2
野小喵,毕业一年，我学到的五种高效学习方法,2017.02.05 21:53,字数 3344,15366,"157,""author"":{""total_wordage"":19496,""followers_count"":374,""total_likes_count"":1472}",1133,3
顾一宸,想要爱你就去追求啊，等有个屁用！,2017.02.14 08:24,字数 1469,4897,"82,""author"":{""total_wordage"":485571,""followers_count"":9503,""total_likes_count"":34332}",150,4
午后呓语,二十几岁，我们都曾一无所有,2017.02.16 20:57,字数 2080,3012,"126,""author"":{""total_wordage"":174586,""followers_count"":5109,""total_likes_count"":19219}",216,2
草蜢凡人,大学，我用4件事来改变自己,2017.02.10 17:15,字数 1885,3031,"45,""author"":{""total_wordage"":54975,""followers_count"":356,""total_likes_count"":1790}",185,1
沈万九,万九客栈（私密群）正式招募：和有情人，做快乐事，敢问是劫是缘？,2017.02.14 09:25,字数 1581,10527,"91,""author"":{""total_wordage"":253688,""followers_count"":12783,""total_likes_count"":20787}",133,34
雪岭,每日一读——王阳明《传习录》第三期,2017.02.11 19:57,字数 1899,724,"10,""author"":{""total_wordage"":54202,""followers_count"":38,""total_likes_count"":304}",219,0
怀左同学,在大学，我用亲身经历告诉你坚持的意义,2017.02.03 15:05,字数 2511,24097,"421,""author"":{""total_wordage"":227774,""followers_count"":3049,""total_likes_count"":8526}",1508,9
成长漫时光,从二本护理院校到外企年薪20万，我只做到了这两点（学校篇）,2017.02.13 22:41,字数 2131,3397,"83,""author"":{""total_wordage"":6037,""followers_count"":71,""total_likes_count"":174}",140,2
靳小凡,3个维度搭建自己的知识体系，就别痴迷快速阅读了,2017.02.12 09:15,字数 3831,2436,"24,""author"":{""total_wordage"":64238,""followers_count"":2003,""total_likes_count"":7391}",206,6
BY_Qiu,利用 GitHub Pages 快速搭建个人博客,2017.02.06 21:39,字数 2510,1628,"82,""author"":{""total_wordage"":40056,""followers_count"":50,""total_likes_count"":220}",170,1
2020号,绘诗成图|你们的最美还给你们,2017.02.11 08:22,字数 363,970,"129,""author"":{""total_wordage"":105184,""followers_count"":862,""total_likes_count"":3589}",91,9
独读徒,住在十八楼的红衣女人,2017.02.16 06:59,字数 3091,1629,"148,""author"":{""total_wordage"":152008,""followers_count"":936,""total_likes_count"":3224}",95,6
芭蕉绿了,你如果不读书，谁都给不了你写作技巧,2017.02.16 19:53,字数 2389,2098,"121,""author"":{""total_wordage"":161564,""followers_count"":795,""total_likes_count"":3400}",168,4
草蜢凡人,农村大学生，我们的未来在哪,2017.02.13 09:31,字数 1233,2231,"116,""author"":{""total_wordage"":54975,""followers_count"":356,""total_likes_count"":1790}",101,0
ACE小飞,《三生三世》素素：我们都曾为爱情义无反顾，到最后却体无完肤,2017.02.13 09:58,字数 1735,3715,"150,""author"":{""total_wordage"":102408,""followers_count"":326,""total_likes_count"":1832}",98,2
密林中的阳光,跑步到底有啥好处？（一个跑了十年步的人经验之谈）,2017.02.13 23:03,字数 1567,4522,"118,""author"":{""total_wordage"":37468,""followers_count"":71,""total_likes_count"":218}",123,1
在下行之,有一种男人，叫西门吹雪,2017.02.17 08:39,字数 3088,4555,"74,""author"":{""total_wordage"":364938,""followers_count"":15022,""total_likes_count"":29614}",167,3
陈磊愫言,如何把照片变成一幅小写意,2017.02.11 01:14,字数 482,2374,"55,""author"":{""total_wordage"":21102,""followers_count"":138,""total_likes_count"":554}",188,3
菜花小姐姐,我的男朋友身高160,2017.02.06 13:19,字数 3458,8969,"195,""author"":{""total_wordage"":123247,""followers_count"":1035,""total_likes_count"":4463}",426,13
潮范,被骗入传销的13天-01请爷入瓮,2017.02.09 14:00,字数 4789,23956,"373,""author"":{""total_wordage"":40508,""followers_count"":657,""total_likes_count"":858}",470,5
悟三分,劳动合同里的“竞业限制”到底是个啥？,2017.02.17 08:00,字数 2394,20300,"110,""author"":{""total_wordage"":133588,""followers_count"":11555,""total_likes_count"":18000}",103,0
韩大爷的杂货铺,从现在起，培养五个获益终生的思维习惯。,2016.05.12 19:47,字数 2852,143397,"1469,""author"":{""total_wordage"":398827,""followers_count"":26928,""total_likes_count"":65484}",10591,33
曾博同学,我花了二十年，上了一所你落榜才来的大学,2017.01.18 12:34,字数 2729,50736,"1019,""author"":{""total_wordage"":19941,""followers_count"":969,""total_likes_count"":2920}",2656,25
杨昊田,一棵树,2017.02.13 12:19,字数 172,337,"162,""author"":{""total_wordage"":12188,""followers_count"":540,""total_likes_count"":2708}",65,2
侧颜如何,姑娘，终会有个男孩喜欢你这一款,2017.02.07 16:57,字数 2929,4093,"138,""author"":{""total_wordage"":50075,""followers_count"":414,""total_likes_count"":2154}",206,0
志敏VVV,如果经历了这件事还相爱，那就结婚吧,2017.02.12 10:20,字数 2565,3906,"55,""author"":{""total_wordage"":25512,""followers_count"":15,""total_likes_count"":162}",141,0
lekli,二十来岁的你，是否也在为找工作而迷茫,2017.02.15 17:51,字数 2238,6084,"25,""author"":{""total_wordage"":344760,""followers_count"":16791,""total_likes_count"":12997}",168,1
浪子刘,过不了这三关，时间管理与个人成长都是扯蛋的事,2017.02.12 07:35,字数 1633,3035,"44,""author"":{""total_wordage"":34086,""followers_count"":304,""total_likes_count"":841}",164,0
蓝菠萝球,干货 | 我是怎样零基础学画画转行当上设计师的,2016.11.28 13:04,字数 2257,39233,"593,""author"":{""total_wordage"":10873,""followers_count"":1759,""total_likes_count"":4771}",4241,18
洞洞2,失业半年，我是怎样熬过来的,2017.02.13 17:54,字数 2358,3537,"64,""author"":{""total_wordage"":32938,""followers_count"":56,""total_likes_count"":177}",93,2
大胃咚咚咚,当婆婆来到北京，她搬来了半个山西,2017.02.15 00:02,字数 641,4399,"88,""author"":{""total_wordage"":113291,""followers_count"":358,""total_likes_count"":1642}",94,4
教书匠小夏,从贵州山沟到英语演讲世界冠军——我的英语逆袭之路（1）,2017.02.14 14:57,字数 1568,2452,"58,""author"":{""total_wordage"":4066,""followers_count"":366,""total_likes_count"":213}",113,5
亭主,月入6K工薪小家庭，3年攒下36万首付款,2017.02.16 17:32,字数 1801,6661,"91,""author"":{""total_wordage"":144836,""followers_count"":956,""total_likes_count"":2423}",141,3
唐妈,我不爱你，但我想你多活几天,2017.02.15 10:08,字数 4917,3496,"48,""author"":{""total_wordage"":1122698,""followers_count"":19160,""total_likes_count"":28422}",139,5
俗人杂文,字太丑？无需十年苦练，十分钟让人刮目相看！（结构篇）,2017.02.17 12:19,字数 785,6058,"97,""author"":{""total_wordage"":50810,""followers_count"":797,""total_likes_count"":1948}",571,2
顾一宸,连架都不会吵，你的爱情怎么可能会好？,2017.02.15 08:37,字数 2594,5930,"63,""author"":{""total_wordage"":485571,""followers_count"":9503,""total_likes_count"":34332}",135,2
Penn先生,你有多恐惧，就有多上进,2017.02.11 09:29,字数 3494,3699,"52,""author"":{""total_wordage"":90906,""followers_count"":126,""total_likes_count"":453}",156,0
黑色大魔王,三十万,2017.02.12 00:47,字数 4138,30533,"73,""author"":{""total_wordage"":56072,""followers_count"":19,""total_likes_count"":178}",149,0
茜喵,不到两个月成为简书签约作者，盘点一下这两个月的写作事件（上）,2017.02.14 23:00,字数 1565,4263,"106,""author"":{""total_wordage"":155544,""followers_count"":3125,""total_likes_count"":8563}",111,6
老眼看世界,去他妈的同学会,2017.02.10 21:48,字数 11161,4166,"118,""author"":{""total_wordage"":40047,""followers_count"":43,""total_likes_count"":129}",108,2
陈允皓,姑娘，如果你没能嫁给爱情,2017.02.10 15:50,字数 2201,7027,"166,""author"":{""total_wordage"":35003,""followers_count"":5204,""total_likes_count"":5732}",384,15
布洛迪的后花园,为什么说绝大多数人都是“低品质勤奋者”？,2016.08.21 12:18,字数 6088,248970,"1526,""author"":{""total_wordage"":55465,""followers_count"":4027,""total_likes_count"":7446}",7049,143
进击的呆蠢萌,因为穷，我背叛了爱情,2017.02.12 18:29,字数 4320,2470,"86,""author"":{""total_wordage"":204971,""followers_count"":605,""total_likes_count"":1869}",82,2
路人记,和不爱的人结婚是什么体验？,2017.02.14 14:14,字数 2689,3213,"52,""author"":{""total_wordage"":89629,""followers_count"":249,""total_likes_count"":1660}",95,0
名昇,情人节，当女神说“清空她的购物车就搞对象”时……,2017.02.15 12:33,字数 1541,2357,"100,""author"":{""total_wordage"":54052,""followers_count"":168,""total_likes_count"":511}",74,0
大鸡汁,程序狗撩妹计划（0214高能版）,2017.02.13 14:57,字数 2852,3177,"130,""author"":{""total_wordage"":12692,""followers_count"":223,""total_likes_count"":351}",67,4
沈万九,情人节不出轨？还不如单身鬼,2017.02.13 08:54,字数 1697,10021,"59,""author"":{""total_wordage"":253688,""followers_count"":12783,""total_likes_count"":20787}",109,1
立黄昏,我可能是个坏人,2017.02.17 00:02,字数 177,295,"162,""author"":{""total_wordage"":20541,""followers_count"":1370,""total_likes_count"":6438}",47,4
于小娜000,如何从零开始打造个人品牌并利用业余时间赚到钱,2017.02.16 20:16,字数 4623,2867,"49,""author"":{""total_wordage"":6769,""followers_count"":54,""total_likes_count"":181}",176,2
空白中的独舞,因为并不聪明，所以努力把这些习惯坚持了7年,2016.03.02 15:52,字数 2716,150168,"2648,""author"":{""total_wordage"":145458,""followers_count"":12002,""total_likes_count"":30940}",12040,186
夏知凉,若不曾颠沛流离，哪知人间冷暖,2016.07.26 20:32,字数 5147,67525,"1194,""author"":{""total_wordage"":311777,""followers_count"":9182,""total_likes_count"":26832}",3837,39
三又一木2016,不会写读书笔记，读再多书有何用？,2017.02.16 14:10,字数 2228,2374,"58,""author"":{""total_wordage"":35730,""followers_count"":41,""total_likes_count"":156}",134,0
毒舌电影,古装剧女主除了爱情，就不能有其他追求吗,2017.02.13 11:37,字数 2405,3476,"51,""author"":{""total_wordage"":2658949,""followers_count"":26407,""total_likes_count"":74708}",104,0
牛奶庄庄,做到这几点，英语何愁不进步？,2017.02.17 08:47,字数 2283,3266,"35,""author"":{""total_wordage"":7196,""followers_count"":331,""total_likes_count"":667}",323,1
麦家理想谷,比徐志摩更浪漫，比沈从文更深情，他是世上最会写情话的人,2017.02.13 13:10,字数 3579,2579,"28,""author"":{""total_wordage"":63959,""followers_count"":207,""total_likes_count"":1144}",173,1
麟书,变革者——献给所有软件开发自学者,2017.02.12 22:56,字数 2079,2849,"71,""author"":{""total_wordage"":5410,""followers_count"":362,""total_likes_count"":1121}",135,5
鱼七i,有没有努力，你看一遍就知道,2017.02.12 16:56,字数 2855,2302,"28,""author"":{""total_wordage"":56499,""followers_count"":222,""total_likes_count"":1133}",160,1
简书,新一轮简书专题主编邀请，在简书，你说了算！,2017.02.15 15:53,字数 949,4411,"61,""author"":{""total_wordage"":301932,""followers_count"":30738,""total_likes_count"":25946}",93,4
何远致Victor,熟练掌握四门外语，我是如何做到的？(4),2017.02.16 07:24,字数 2418,2990,"25,""author"":{""total_wordage"":8230,""followers_count"":1479,""total_likes_count"":1638}",165,5
老司机Wicky,老司机出品——包教包会之玩转正则表达式,2017.02.15 00:14,字数 5940,1874,"37,""author"":{""total_wordage"":48779,""followers_count"":954,""total_likes_count"":886}",169,0
麟书,18岁程序员的自学之路,2017.01.28 14:01,字数 3331,15257,"439,""author"":{""total_wordage"":5410,""followers_count"":362,""total_likes_count"":1121}",985,25
花舞蝶梦,盘点这些年做的兼职经验，希望对你可以有所收获,2017.02.17 09:48,字数 4711,2882,"71,""author"":{""total_wordage"":84614,""followers_count"":95,""total_likes_count"":334}",132,2
波同学,前端基础进阶（一）：内存空间详细图解,2017.02.09 16:19,字数 2414,7526,"54,""author"":{""total_wordage"":95619,""followers_count"":1075,""total_likes_count"":2316}",179,1
杨昊田,何以笙箫默之默,2017.02.16 12:00,字数 217,643,"147,""author"":{""total_wordage"":12188,""followers_count"":540,""total_likes_count"":2708}",73,0
曌曌Flora,书单丨我读过最棒的股票投资入门书籍,2017.02.10 07:58,字数 2069,1622,"22,""author"":{""total_wordage"":53681,""followers_count"":367,""total_likes_count"":983}",198,2
渔晞,我多心疼你的懂事,2017.02.16 06:44,字数 1486,2562,"82,""author"":{""total_wordage"":62202,""followers_count"":76,""total_likes_count"":291}",113,3
王小麦,读研，让我的心灵更加纯净,2017.02.13 08:39,字数 2354,1259,"95,""author"":{""total_wordage"":79901,""followers_count"":839,""total_likes_count"":2498}",79,2
小轴姑娘,我为什么建议大学生别做廉价劳动力兼职,2017.02.10 13:05,字数 2308,3619,"106,""author"":{""total_wordage"":28885,""followers_count"":49,""total_likes_count"":177}",96,0
尹沽城,哪里有什么和解，人生注定抱憾前行,2017.02.16 14:35,字数 1374,3751,"49,""author"":{""total_wordage"":483220,""followers_count"":19520,""total_likes_count"":43179}",146,0
沈家姑娘,没毛病，就是想分手了。,2017.02.14 23:10,字数 2206,3317,"100,""author"":{""total_wordage"":181954,""followers_count"":4059,""total_likes_count"":12771}",89,1
北海源,青草坪,2017.02.11 16:49,字数 504,1072,"106,""author"":{""total_wordage"":74362,""followers_count"":2278,""total_likes_count"":8791}",79,4
木石之林,再看《恶作剧之吻》，我突然觉得直树配不上湘琴了,2017.02.12 23:48,字数 2326,3182,"55,""author"":{""total_wordage"":13820,""followers_count"":27,""total_likes_count"":182}",134,0
韩大爷的杂货铺,敢不敢从年初开始，做几件年尾才能见成效的事,2017.01.26 11:30,字数 2624,36605,"389,""author"":{""total_wordage"":398827,""followers_count"":26928,""total_likes_count"":65486}",2132,20
饱醉豚,毁掉你的不是高房价，而是你自己,2016.11.23 17:54,字数 10806,113194,"1635,""author"":{""total_wordage"":467321,""followers_count"":18572,""total_likes_count"":31673}",2996,66
下一个女神,熬夜，最致命的杀手,2017.02.11 22:58,字数 1945,4177,"63,""author"":{""total_wordage"":26653,""followers_count"":43,""total_likes_count"":178}",127,2
丧心病狂刘老湿,金正男死了？你一定要看的极简朝鲜权力斗争史（上）,2017.02.16 15:05,字数 2474,10120,"42,""author"":{""total_wordage"":208717,""followers_count"":5951,""total_likes_count"":9981}",151,1
楚浅黛,优秀韩剧推荐———我看过的最好看最有质量的五部韩剧！（完整版）,2017.02.09 08:56,字数 2887,4234,"55,""author"":{""total_wordage"":7024,""followers_count"":43,""total_likes_count"":211}",127,0
顾一宸,承认吧，你早就过够了一个人的生活,2017.02.11 08:18,字数 2400,8993,"250,""author"":{""total_wordage"":485571,""followers_count"":9504,""total_likes_count"":34333}",529,6
在下行之,读古典诗词到底有什么用？,2017.02.11 11:05,字数 3609,11005,"222,""author"":{""total_wordage"":364938,""followers_count"":15023,""total_likes_count"":29618}",708,15
雅客先生,这可能是史上最全的简历教程,2017.02.16 17:15,字数 4459,8223,"45,""author"":{""total_wordage"":37954,""followers_count"":1110,""total_likes_count"":2573}",1006,2
熊猫Panda先生,大学四年，看了近百部电影，这6部改变了我的世界观,2017.02.09 12:43,字数 3299,11942,"114,""author"":{""total_wordage"":40441,""followers_count"":1086,""total_likes_count"":5564}",898,1
彭小六,如何在3个月内彻底改变自己的形象？,2017.02.08 20:39,字数 2693,67063,"233,""author"":{""total_wordage"":528857,""followers_count"":90274,""total_likes_count"":171281}",3086,15
造梦者独慕溪,17天女生独行，如何用4000元横跨南北三省四个城市？,2017.02.13 12:46,字数 4420,11361,"315,""author"":{""total_wordage"":59906,""followers_count"":497,""total_likes_count"":1473}",760,5
尹沽城,考研失败两次后，我决定再也不考了,2017.02.17 14:56,字数 1631,23169,"507,""author"":{""total_wordage"":483220,""followers_count"":19520,""total_likes_count"":43179}",614,3
淮王鱼,想变得更好？看完这些书你还不优秀只能怪你太笨,2017.02.14 17:04,字数 3639,11418,"80,""author"":{""total_wordage"":34375,""followers_count"":497,""total_likes_count"":1519}",1148,1
乌龙明月,人人都有机会，用一年时间，改变命运,2017.02.09 09:08,字数 3357,15245,"161,""author"":{""total_wordage"":47943,""followers_count"":513,""total_likes_count"":1301}",1068,10
生活家小不点,"刷遍朋友圈的2017年度计划 | ""word天！看完感觉自己白活了！""",2017.02.11 11:27,字数 8405,13797,"277,""author"":{""total_wordage"":18716,""followers_count"":652,""total_likes_count"":1134}",1088,13
顾一宸,你这毛病再不改会没朋友的，你知道不？,2017.02.16 08:40,字数 2746,22369,"460,""author"":{""total_wordage"":485571,""followers_count"":9504,""total_likes_count"":34333}",1380,21
